0.000000000000000000e+00,1.318451960920263150e-02,2.240980321837605233e-02,5.183000819894592430e-03
0.000000000000000000e+00,1.318451960920263150e-02,2.240980321837605233e-02,5.183000819894592430e-03
0.000000000000000000e+00,1.318451960920263150e-02,2.240980321837604539e-02,5.183000819894591563e-03
0.000000000000000000e+00,1.318451960920263150e-02,2.240980321837604539e-02,5.183000819894591563e-03
0.000000000000000000e+00,1.318451960920263150e-02,2.240980321837604539e-02,5.183000819894591563e-03
0.000000000000000000e+00,1.318451960920263150e-02,2.240980321837604539e-02,5.183000819894590695e-03
0.000000000000000000e+00,1.318451960920263150e-02,2.240980321837604539e-02,5.183000819894590695e-03
0.000000000000000000e+00,1.318451960920263150e-02,2.240980321837604192e-02,5.183000819894590695e-03
0.000000000000000000e+00,1.318451960920263150e-02,2.240980321837604192e-02,5.183000819894590695e-03
0.000000000000000000e+00,1.318451960920263150e-02,2.240980321837604192e-02,5.183000819894590695e-03
0.000000000000000000e+00,1.318451960920263150e-02,2.240980321837604192e-02,5.183000819894590695e-03
0.000000000000000000e+00,1.318451960920263150e-02,2.240980321837604192e-02,5.183000819894590695e-03
0.000000000000000000e+00,1.318451960920263150e-02,2.240980321837604192e-02,5.183000819894590695e-03
0.000000000000000000e+00,1.318451960920263150e-02,2.240980321837604192e-02,5.183000819894590695e-03
0.000000000000000000e+00,1.318451960920263150e-02,2.240980321837604539e-02,5.183000819894590695e-03
0.000000000000000000e+00,1.318451960920263150e-02,2.240980321837604539e-02,5.183000819894590695e-03
0.000000000000000000e+00,1.318451960920263150e-02,2.240980321837604539e-02,5.183000819894590695e-03
0.000000000000000000e+00,1.318451960920263150e-02,2.240980321837604539e-02,5.183000819894590695e-03
0.000000000000000000e+00,1.318451960920263150e-02,2.240980321837604539e-02,5.183000819894590695e-03
0.000000000000000000e+00,1.318451960920263150e-02,2.240980321837604539e-02,5.183000819894590695e-03
0.000000000000000000e+00,1.318451960920263150e-02,2.240980321837604539e-02,5.183000819894590695e-03
0.000000000000000000e+00,1.318451960920263150e-02,2.240980321837604539e-02,5.183000819894590695e-03
0.000000000000000000e+00,1.318451960920263150e-02,2.240980321837604539e-02,5.183000819894590695e-03
0.000000000000000000e+00,1.318451960920263150e-02,2.240980321837604539e-02,5.183000819894590695e-03
0.000000000000000000e+00,1.318451960920263150e-02,2.240980321837604539e-02,5.183000819894590695e-03
0.000000000000000000e+00,1.318451960920263150e-02,2.240980321837604539e-02,5.183000819894590695e-03
0.000000000000000000e+00,1.318451960920263150e-02,2.240980321837604539e-02,5.183000819894590695e-03
0.000000000000000000e+00,1.318451960920263150e-02,2.240980321837604539e-02,5.183000819894590695e-03
0.000000000000000000e+00,1.318451960920263150e-02,2.240980321837604539e-02,5.183000819894590695e-03
0.000000000000000000e+00,1.318451960920263150e-02,2.240980321837604539e-02,5.183000819894590695e-03
0.000000000000000000e+00,1.318451960920263150e-02,2.240980321837604539e-02,5.183000819894590695e-03
0.000000000000000000e+00,1.318451960920263150e-02,2.240980321837604539e-02,5.183000819894590695e-03
0.000000000000000000e+00,1.318451960920263150e-02,2.240980321837604539e-02,5.183000819894590695e-03
0.000000000000000000e+00,1.318451960920263150e-02,2.240980321837604539e-02,5.183000819894590695e-03
0.000000000000000000e+00,1.318451960920263150e-02,2.240980321837604539e-02,5.183000819894590695e-03
0.000000000000000000e+00,1.318451960920263150e-02,2.240980321837604539e-02,5.183000819894590695e-03
0.000000000000000000e+00,1.318451960920263150e-02,2.240980321837604539e-02,5.183000819894590695e-03
0.000000000000000000e+00,1.318451960920263150e-02,2.240980321837604539e-02,5.183000819894590695e-03
0.000000000000000000e+00,1.318451960920263150e-02,2.240980321837604539e-02,5.183000819894590695e-03
0.000000000000000000e+00,1.318451960920263150e-02,2.240980321837604539e-02,5.183000819894590695e-03
0.000000000000000000e+00,1.318451960920263150e-02,2.240980321837604539e-02,5.183000819894590695e-03
0.000000000000000000e+00,1.318451960920263150e-02,2.240980321837604539e-02,5.183000819894590695e-03
0.000000000000000000e+00,1.318451960920263150e-02,2.240980321837604539e-02,5.183000819894590695e-03
0.000000000000000000e+00,1.318451960920263150e-02,2.240980321837604539e-02,5.183000819894590695e-03
0.000000000000000000e+00,1.318451960920263150e-02,2.240980321837604539e-02,5.183000819894590695e-03
0.000000000000000000e+00,1.318451960920263150e-02,2.240980321837604539e-02,5.183000819894590695e-03
0.000000000000000000e+00,1.318451960920263150e-02,2.240980321837604539e-02,5.183000819894590695e-03
0.000000000000000000e+00,1.318451960920263150e-02,2.240980321837604539e-02,5.183000819894590695e-03
0.000000000000000000e+00,1.318451960920263150e-02,2.240980321837604539e-02,5.183000819894590695e-03
0.000000000000000000e+00,1.318451960920263150e-02,2.240980321837604539e-02,5.183000819894590695e-03
0.000000000000000000e+00,1.318451960920263150e-02,2.240980321837604539e-02,5.183000819894590695e-03
0.000000000000000000e+00,1.318451960920263150e-02,2.240980321837604539e-02,5.183000819894590695e-03
0.000000000000000000e+00,1.318451960920263150e-02,2.240980321837604539e-02,5.183000819894590695e-03
0.000000000000000000e+00,1.318451960920263150e-02,2.240980321837604539e-02,5.183000819894590695e-03
0.000000000000000000e+00,1.318451960920263150e-02,2.240980321837604539e-02,5.183000819894590695e-03
0.000000000000000000e+00,1.318451960920263150e-02,2.240980321837604539e-02,5.183000819894590695e-03
0.000000000000000000e+00,1.318451960920263150e-02,2.240980321837604539e-02,5.183000819894590695e-03
0.000000000000000000e+00,1.318451960920263150e-02,2.240980321837604539e-02,5.183000819894590695e-03
0.000000000000000000e+00,1.318451960920263150e-02,2.240980321837604539e-02,5.183000819894590695e-03
0.000000000000000000e+00,1.318451960920263150e-02,2.240980321837604539e-02,5.183000819894590695e-03
0.000000000000000000e+00,1.318451960920263150e-02,2.240980321837604539e-02,5.183000819894590695e-03
0.000000000000000000e+00,1.318451960920263150e-02,2.240980321837604539e-02,5.183000819894590695e-03
0.000000000000000000e+00,1.318451960920263150e-02,2.240980321837604539e-02,5.183000819894590695e-03
0.000000000000000000e+00,1.318451960920263150e-02,2.240980321837604539e-02,5.183000819894590695e-03
0.000000000000000000e+00,1.318451960920263150e-02,2.240980321837604539e-02,5.183000819894590695e-03
0.000000000000000000e+00,1.318451960920263150e-02,2.240980321837604539e-02,5.183000819894590695e-03
0.000000000000000000e+00,1.318451960920263150e-02,2.240980321837604539e-02,5.183000819894590695e-03
0.000000000000000000e+00,1.318451960920263150e-02,2.240980321837604539e-02,5.183000819894590695e-03
0.000000000000000000e+00,1.318451960920263150e-02,2.240980321837604539e-02,5.183000819894590695e-03
0.000000000000000000e+00,1.318451960920263150e-02,2.240980321837604539e-02,5.183000819894590695e-03
0.000000000000000000e+00,1.318451960920263150e-02,2.240980321837604539e-02,5.183000819894590695e-03
0.000000000000000000e+00,1.318451960920263150e-02,2.240980321837604539e-02,5.183000819894590695e-03
0.000000000000000000e+00,1.318451960920263150e-02,2.240980321837604539e-02,5.183000819894590695e-03
0.000000000000000000e+00,1.318451960920263150e-02,2.240980321837604539e-02,5.183000819894590695e-03
0.000000000000000000e+00,1.318451960920263150e-02,2.240980321837604539e-02,5.183000819894590695e-03
0.000000000000000000e+00,1.318451960920263150e-02,2.240980321837604539e-02,5.183000819894590695e-03
0.000000000000000000e+00,1.318451960920263150e-02,2.240980321837604539e-02,5.183000819894590695e-03
0.000000000000000000e+00,1.318451960920263150e-02,2.240980321837604539e-02,5.183000819894590695e-03
0.000000000000000000e+00,1.318451960920263150e-02,2.240980321837604539e-02,5.183000819894590695e-03
0.000000000000000000e+00,1.318451960920263150e-02,2.240980321837604539e-02,5.183000819894590695e-03
0.000000000000000000e+00,1.318451960920263150e-02,2.240980321837604539e-02,5.183000819894590695e-03
0.000000000000000000e+00,1.318451960920263150e-02,2.240980321837604539e-02,5.183000819894590695e-03
0.000000000000000000e+00,1.318451960920263150e-02,2.240980321837604539e-02,5.183000819894590695e-03
0.000000000000000000e+00,1.318451960920263150e-02,2.240980321837604539e-02,5.183000819894590695e-03
0.000000000000000000e+00,1.318451960920263150e-02,2.240980321837604539e-02,5.183000819894590695e-03
0.000000000000000000e+00,1.318451960920263150e-02,2.240980321837604539e-02,5.183000819894590695e-03
0.000000000000000000e+00,1.318451960920263150e-02,2.240980321837604539e-02,5.183000819894590695e-03
0.000000000000000000e+00,1.318451960920263150e-02,2.240980321837604539e-02,5.183000819894590695e-03
0.000000000000000000e+00,1.318451960920263150e-02,2.240980321837604539e-02,5.183000819894590695e-03
0.000000000000000000e+00,1.318451960920263150e-02,2.240980321837604539e-02,5.183000819894590695e-03
0.000000000000000000e+00,1.318451960920263150e-02,2.240980321837604539e-02,5.183000819894590695e-03
0.000000000000000000e+00,1.318451960920263150e-02,2.240980321837604539e-02,5.183000819894590695e-03
0.000000000000000000e+00,1.318451960920263150e-02,2.240980321837604539e-02,5.183000819894590695e-03
0.000000000000000000e+00,1.318451960920263150e-02,2.240980321837604539e-02,5.183000819894590695e-03
0.000000000000000000e+00,1.318451960920263150e-02,2.240980321837604539e-02,5.183000819894590695e-03
0.000000000000000000e+00,1.318451960920263150e-02,2.240980321837604539e-02,5.183000819894590695e-03
0.000000000000000000e+00,1.318451960920263150e-02,2.240980321837604539e-02,5.183000819894590695e-03
0.000000000000000000e+00,1.318451960920263150e-02,2.240980321837604539e-02,5.183000819894590695e-03
0.000000000000000000e+00,1.318451960920263150e-02,2.240980321837604539e-02,5.183000819894590695e-03
0.000000000000000000e+00,1.318451960920263150e-02,2.240980321837604539e-02,5.183000819894590695e-03
0.000000000000000000e+00,1.318451960920263150e-02,2.240980321837604539e-02,5.183000819894590695e-03
0.000000000000000000e+00,1.318451960920263150e-02,2.240980321837604539e-02,5.183000819894590695e-03
0.000000000000000000e+00,1.318451960920263150e-02,2.240980321837604539e-02,5.183000819894590695e-03
0.000000000000000000e+00,1.318451960920263150e-02,2.240980321837604539e-02,5.183000819894590695e-03
0.000000000000000000e+00,1.318451960920263150e-02,2.240980321837604539e-02,5.183000819894590695e-03
0.000000000000000000e+00,1.318451960920263150e-02,2.240980321837604539e-02,5.183000819894590695e-03
0.000000000000000000e+00,1.318451960920263150e-02,2.240980321837604539e-02,5.183000819894590695e-03
0.000000000000000000e+00,1.318451960920263150e-02,2.240980321837604539e-02,5.183000819894590695e-03
0.000000000000000000e+00,1.318451960920263150e-02,2.240980321837604539e-02,5.183000819894590695e-03
0.000000000000000000e+00,1.318451960920263150e-02,2.240980321837604539e-02,5.183000819894590695e-03
0.000000000000000000e+00,1.318451960920263150e-02,2.240980321837604539e-02,5.183000819894590695e-03
0.000000000000000000e+00,1.318451960920263150e-02,2.240980321837604539e-02,5.183000819894590695e-03
0.000000000000000000e+00,1.318451960920263150e-02,2.240980321837604539e-02,5.183000819894590695e-03
0.000000000000000000e+00,1.318451960920263150e-02,2.240980321837604539e-02,5.183000819894590695e-03
0.000000000000000000e+00,1.318451960920263150e-02,2.240980321837604539e-02,5.183000819894590695e-03
0.000000000000000000e+00,1.318451960920263150e-02,2.240980321837604539e-02,5.183000819894590695e-03
0.000000000000000000e+00,1.318451960920263150e-02,2.240980321837604539e-02,5.183000819894590695e-03
0.000000000000000000e+00,1.318451960920263150e-02,2.240980321837604539e-02,5.183000819894590695e-03
0.000000000000000000e+00,1.318451960920263150e-02,2.240980321837604539e-02,5.183000819894590695e-03
2.194091574680374153e-06,1.318474286060552884e-02,2.238299724727625672e-02,5.175223319459381320e-03
6.582274724041123306e-06,1.318518936341132181e-02,2.232938530507668634e-02,5.159668318588960835e-03
1.316454944808224661e-05,1.318585911762000865e-02,2.224896739177732036e-02,5.136335817283330107e-03
2.194091574680374153e-05,1.318675212323159110e-02,2.214174350737816918e-02,5.105225815542490872e-03
3.291137362020561230e-05,1.318786838024606917e-02,2.200771365187923628e-02,5.066338313366440527e-03
4.607592306828785721e-05,1.318920788866344632e-02,2.184687782528051125e-02,5.019673310755181674e-03
6.143456409105047629e-05,1.319077064848371561e-02,2.165923602758200797e-02,4.965230807708711711e-03
7.898729668849346951e-05,1.319255665970688399e-02,2.144478825878370562e-02,4.903010804227031505e-03
9.873412086061685044e-05,1.319456592233294624e-02,2.120353451888562155e-02,4.833013300310142792e-03
1.206750366074205920e-04,1.319679843636190411e-02,2.093547480788775575e-02,4.755238295958041234e-03
1.448100439289047212e-04,1.319925420179375933e-02,2.064060912579009088e-02,4.669685791170731168e-03
1.711391428250691568e-04,1.320193321862851016e-02,2.031893747259264776e-02,4.576355785948209992e-03
1.996623332959140615e-04,1.320483548686615660e-02,1.997045984829541598e-02,4.475248280290479441e-03
2.303796153414392725e-04,1.320796100650670039e-02,1.959517625289840595e-02,4.366363274197539515e-03
2.610968973869645378e-04,1.321108652614724072e-02,1.921989265750138204e-02,4.257478268104599589e-03
2.918141794324897488e-04,1.321421204578778277e-02,1.884460906210436854e-02,4.148593262011660530e-03
3.225314614780150141e-04,1.321733756542832483e-02,1.846932546670734809e-02,4.039708255918719737e-03
3.532487435235402793e-04,1.322046308506886689e-02,1.809404187131032765e-02,3.930823249825779811e-03
3.839660255690655445e-04,1.322358860470941068e-02,1.771875827591331415e-02,3.821938243732839885e-03
4.146833076145907014e-04,1.322671412434995100e-02,1.734347468051629371e-02,3.713053237639899959e-03
4.454005896601160208e-04,1.322983964399049306e-02,1.696819108511927673e-02,3.604168231546959599e-03
4.761178717056412319e-04,1.323296516363103512e-02,1.659290748972225976e-02,3.495283225454019239e-03
5.068351537511664971e-04,1.323609068327157891e-02,1.621762389432523932e-02,3.386398219361079747e-03
5.375524357966916539e-04,1.323921620291212270e-02,1.584234029892822235e-02,3.277513213268139387e-03
5.682697178422170276e-04,1.324234172255266476e-02,1.546705670353120191e-02,3.168628207175199461e-03
5.989869998877421844e-04,1.324546724219320681e-02,1.509177310813418667e-02,3.059743201082259969e-03
6.297042819332675581e-04,1.324859276183375061e-02,1.471648951273716970e-02,2.950858194989318742e-03
6.604215639787927149e-04,1.325171828147429093e-02,1.434120591734015099e-02,2.841973188896378816e-03
6.893436801904885992e-04,1.324974129259214733e-02,1.400134500602829950e-02,2.741002288067936020e-03
7.164706305683551024e-04,1.324266179518731809e-02,1.369690677880162216e-02,2.647945492503990354e-03
7.418024151123921162e-04,1.323047978925980146e-02,1.342789123566011031e-02,2.562802802204541819e-03
7.653390338225998573e-04,1.321319527480960439e-02,1.319429837660376567e-02,2.485574217169589980e-03
7.870804866989778922e-04,1.319080825183671472e-02,1.299612820163259172e-02,2.416259737399136139e-03
8.070267737415267630e-04,1.316331872034114114e-02,1.283338071074658672e-02,2.354859362893178994e-03
8.251778949502465779e-04,1.313072668032288365e-02,1.270605590394575587e-02,2.301373093651718979e-03
8.415338503251364698e-04,1.309303213178193703e-02,1.261415378123008531e-02,2.255800929674756095e-03
8.560946398661968722e-04,1.305023507471830824e-02,1.255767434259959063e-02,2.218142870962290774e-03
8.688602635734283272e-04,1.300233550913199206e-02,1.253661758805426144e-02,2.188398917514322584e-03
8.798307214468300760e-04,1.294933343502299022e-02,1.255098351759410119e-02,2.166569069330851090e-03
8.890060134864026607e-04,1.289122885239130101e-02,1.260077213121911337e-02,2.152653326411876726e-03
8.963861396921456474e-04,1.282802176123692441e-02,1.268598342892929276e-02,2.146651688757400360e-03
9.019711000640593616e-04,1.275971216155986389e-02,1.280661741072464110e-02,2.148564156367420257e-03
9.075560604359729673e-04,1.269140256188280511e-02,1.292725139251998945e-02,2.150476623977441021e-03
9.131410208078865730e-04,1.262309296220574112e-02,1.304788537431533779e-02,2.152389091587460918e-03
9.187259811798003956e-04,1.255478336252868234e-02,1.316851935611068614e-02,2.154301559197481682e-03
9.243109415517140014e-04,1.248647376285162182e-02,1.328915333790603448e-02,2.156214026807502446e-03
9.298959019236279324e-04,1.241816416317456304e-02,1.340978731970138282e-02,2.158126494417522342e-03
9.354808622955414297e-04,1.234985456349750078e-02,1.353042130149673290e-02,2.160038962027543540e-03
9.410658226674553607e-04,1.228154496382044027e-02,1.365105528329207951e-02,2.161951429637563871e-03
9.466507830393688580e-04,1.221323536414338148e-02,1.377168926508742959e-02,2.163863897247583767e-03
9.522357434112826806e-04,1.214492576446632097e-02,1.389232324688277620e-02,2.165776364857604531e-03
9.578207037831962863e-04,1.207661616478925871e-02,1.401295722867812628e-02,2.167688832467625296e-03
9.634056641551100005e-04,1.200830656511219820e-02,1.413359121047347462e-02,2.169601300077645626e-03
9.689906245270234978e-04,1.193999696543513941e-02,1.425422519226882123e-02,2.171513767687665956e-03
9.745755848989373204e-04,1.187168736575807890e-02,1.437485917406417131e-02,2.173426235297686721e-03
9.801605452708509261e-04,1.180337776608101491e-02,1.449549315585952139e-02,2.175338702907707485e-03
9.858452370779774258e-04,1.174255038239547383e-02,1.460441945087275276e-02,2.178005835273871989e-03
9.916296603203166027e-04,1.168920521470144872e-02,1.470163805910387235e-02,2.181427632396181100e-03
9.975138149978686735e-04,1.164334226299894477e-02,1.478714898055287670e-02,2.185604094274634819e-03
1.003497701110632988e-03,1.160496152728795853e-02,1.486095221521976407e-02,2.190535220909233145e-03
1.009581318658610630e-03,1.157406300756849173e-02,1.492304776310454141e-02,2.196221012299976079e-03
1.015764667641800732e-03,1.155064670384054436e-02,1.497343562420720350e-02,2.202661468446863620e-03
1.022047748060203511e-03,1.153471261610411296e-02,1.501211579852775035e-02,2.209856589349894901e-03
1.028430559913819185e-03,1.152626074435919752e-02,1.503908828606618023e-02,2.217806375009070789e-03
1.034913103202647535e-03,1.152529108860580499e-02,1.505435308682250006e-02,2.226510825424391285e-03
1.041495377926688563e-03,1.153180364884393017e-02,1.505791020079670119e-02,2.235969940595856388e-03
1.048177384085942701e-03,1.154579842507357304e-02,1.504975962798879054e-02,2.246183720523465231e-03
1.054959121680409083e-03,1.156727541729473709e-02,1.502990136839876291e-02,2.257152165207219549e-03
1.061840590710088576e-03,1.159623462550741710e-02,1.499833542202662177e-02,2.268875274647117607e-03
1.068821791174980745e-03,1.163267604971161481e-02,1.495506178887236540e-02,2.281353048843160272e-03
1.075802991639872915e-03,1.166911747391581600e-02,1.491178815571811249e-02,2.293830823039203371e-03
1.082784192104764868e-03,1.170555889812001371e-02,1.486851452256385438e-02,2.306308597235246470e-03
1.089765392569657255e-03,1.174200032232421663e-02,1.482524088940959800e-02,2.318786371431289135e-03
1.096746593034548991e-03,1.177844174652841087e-02,1.478196725625534336e-02,2.331264145627331801e-03
1.103727793499441378e-03,1.181488317073261379e-02,1.473869362310109045e-02,2.343741919823374466e-03
1.110708993964333331e-03,1.185132459493681151e-02,1.469541998994683754e-02,2.356219694019417998e-03
1.117690194429225717e-03,1.188776601914101269e-02,1.465214635679257943e-02,2.368697468215460664e-03
1.124671394894117887e-03,1.192420744334521041e-02,1.460887272363832479e-02,2.381175242411503329e-03
1.131652595359009840e-03,1.196064886754941332e-02,1.456559909048407014e-02,2.393653016607545994e-03
1.138633795823901793e-03,1.199709029175360930e-02,1.452232545732981377e-02,2.406130790803588659e-03
1.145614996288793963e-03,1.203353171595781049e-02,1.447905182417555739e-02,2.418608564999631758e-03
1.152596196753686133e-03,1.206997314016200820e-02,1.443577819102130275e-02,2.431086339195674424e-03
1.159577397218578085e-03,1.210641456436620939e-02,1.439250455786704810e-02,2.443564113391717522e-03
1.166558597683470255e-03,1.214285598857040710e-02,1.434923092471279346e-02,2.456041887587760188e-03
1.173240603842723960e-03,1.216808848349044785e-02,1.429216841221512754e-02,2.466776374753582718e-03
1.179623415696339850e-03,1.218211204912632295e-02,1.422131702037405729e-02,2.475767574889183378e-03
1.185707033244317275e-03,1.218492668547803588e-02,1.413667674918957576e-02,2.483015487994563904e-03
1.191491456486656452e-03,1.217653239254559011e-02,1.403824759866168816e-02,2.488520114069723427e-03
1.196976685423357164e-03,1.215692917032898043e-02,1.392602956879039101e-02,2.492281453114662815e-03
1.202162720054420061e-03,1.212611701882820858e-02,1.380002265957568260e-02,2.494299505129381200e-03
1.207049560379844493e-03,1.208409593804327629e-02,1.366022687101756637e-02,2.494574270113878584e-03
1.211637206399630677e-03,1.203086592797418530e-02,1.350664220311604061e-02,2.493105748068154964e-03
1.215925658113778830e-03,1.196642698862093041e-02,1.333926865587110877e-02,2.489893938992210343e-03
1.219914915522288734e-03,1.189077911998351333e-02,1.315810622928276566e-02,2.484938842886046020e-03
1.223604978625160173e-03,1.180392232206193236e-02,1.296315492335101821e-02,2.478240459749659827e-03
1.226995847422393364e-03,1.170585659485619788e-02,1.275441473807585949e-02,2.469798789583053066e-03
1.230087521913988090e-03,1.159658193836629603e-02,1.253188567345728949e-02,2.459613832386226169e-03
1.232880002099945001e-03,1.147609835259223374e-02,1.229556772949531515e-02,2.447685588159178270e-03
1.235672482285901912e-03,1.135561476681817145e-02,1.205924978553333735e-02,2.435757343932129938e-03
1.238464962471858607e-03,1.123513118104410569e-02,1.182293184157136127e-02,2.423829099705081605e-03
1.241257442657815518e-03,1.111464759527004340e-02,1.158661389760938694e-02,2.411900855478033706e-03
1.244049922843772429e-03,1.099416400949597764e-02,1.135029595364741260e-02,2.399972611250985807e-03
1.246842403029729341e-03,1.087368042372191708e-02,1.111397800968543306e-02,2.388044367023937475e-03
1.249634883215685818e-03,1.075319683794785305e-02,1.087766006572346046e-02,2.376116122796889576e-03
1.252427363401642730e-03,1.063271325217379076e-02,1.064134212176148092e-02,2.364187878569841243e-03
1.255219843587599641e-03,1.051222966639972847e-02,1.040502417779950659e-02,2.352259634342793344e-03
1.258012323773556335e-03,1.039174608062566271e-02,1.016870623383752878e-02,2.340331390115745445e-03
1.260804803959513463e-03,1.027126249485160216e-02,9.932388289875554443e-03,2.328403145888697980e-03
1.263597284145470158e-03,1.015077890907754160e-02,9.696070345913578373e-03,2.316474901661649648e-03
1.266389764331427069e-03,1.003029532330347758e-02,9.459752401951602302e-03,2.304546657434601749e-03
1.269182244517383547e-03,9.909811737529413550e-03,9.223434457989624496e-03,2.292618413207553416e-03
1.271974724703340458e-03,9.789328151755351259e-03,8.987116514027650160e-03,2.280690168980505517e-03
1.276063713547063256e-03,9.679086590362151465e-03,8.772509669033467031e-03,2.269118846715301261e-03
1.281449211048551074e-03,9.579087053349807229e-03,8.579613923007076842e-03,2.257904446411941081e-03
1.288131217207804996e-03,9.489329540718325490e-03,8.408429275948481330e-03,2.247046968070424110e-03
1.296109732024824587e-03,9.409814052467704512e-03,8.258955727857677023e-03,2.236546411690751215e-03
1.305384755499609632e-03,9.340540588597939092e-03,8.131193278734665658e-03,2.226402777272921962e-03
1.315956287632160781e-03,9.281509149109034434e-03,8.025141928579448969e-03,2.216616064816935919e-03
1.327824328422477166e-03,9.232719734000990539e-03,7.940801677392023486e-03,2.207186274322794819e-03
1.340988877870559221e-03,9.194172343273805670e-03,7.878172525172390944e-03,2.198113405790496060e-03
1.355449935976407380e-03,9.165866976927481563e-03,7.837254471920553078e-03,2.189397459220041378e-03
1.371207502740020992e-03,9.147803634962016484e-03,7.818047517636508154e-03,2.181038434611430772e-03
1.388261578161400275e-03,9.139982317377410431e-03,7.820551662320254435e-03,2.173036331964663375e-03
1.406612162240545010e-03,9.142403024173663406e-03,7.844766905971795393e-03,2.165391151279740054e-03
1.426259254977455850e-03,9.155065755350778878e-03,7.890693248591129291e-03,2.158102892556660376e-03
1.447202856372132359e-03,9.177970510908753377e-03,7.958330690178256131e-03,2.151171555795424340e-03
1.468146457766808652e-03,9.200875266466729610e-03,8.025968131765381236e-03,2.144240219034188738e-03
1.489090059161484510e-03,9.223780022024700639e-03,8.093605573352509810e-03,2.137308882272953136e-03
1.510033660556161020e-03,9.246684777582676873e-03,8.161243014939636650e-03,2.130377545511716667e-03
1.530977261950837312e-03,9.269589533140651372e-03,8.228880456526763490e-03,2.123446208750480631e-03
1.551920863345513605e-03,9.292494288698622401e-03,8.296517898113892064e-03,2.116514871989245462e-03
1.572864464740189898e-03,9.315399044256598635e-03,8.364155339701017169e-03,2.109583535228008993e-03
1.593808066134866407e-03,9.338303799814574868e-03,8.431792781288142274e-03,2.102652198466773391e-03
1.614751667529542266e-03,9.361208555372545898e-03,7.005849760170742083e-03,2.095720861705537355e-03
1.635695268924218775e-03,9.384113310930522131e-03,7.022991486613799732e-03,2.088789524944301753e-03
1.656638870318894851e-03,9.407018066488494895e-03,7.040133213056856513e-03,2.081858188183065284e-03
1.677582471713571360e-03,9.429922822046469394e-03,7.057274939499914163e-03,2.074926851421830115e-03
1.698526073108247436e-03,9.452827577604443893e-03,7.074416665942971812e-03,2.067995514660593646e-03
1.719469674502923946e-03,9.475732333162414922e-03,7.091558392386027726e-03,2.061064177899357610e-03
1.740413275897600021e-03,9.498637088720391156e-03,7.108700118829085375e-03,2.054132841138122008e-03
1.760643903627776875e-03,9.517018439299310822e-03,7.122456567025192524e-03,2.048945468504404475e-03
1.780161557693454291e-03,9.530876384899175657e-03,7.132827736974349173e-03,2.045502059998207181e-03
1.798966238094631617e-03,9.540210925519983926e-03,7.139813628676555321e-03,2.043802615619527956e-03
1.817057944831309071e-03,9.545022061161740831e-03,7.143414242131812704e-03,2.043847135368367669e-03
1.834436677903487304e-03,9.545309791824441170e-03,7.143629577340120454e-03,2.045635619244727185e-03
1.851102437311165881e-03,9.541074117508086677e-03,7.140459634301475969e-03,2.049168067248604772e-03
1.867055223054344803e-03,9.532315038212675617e-03,7.133904413015882719e-03,2.054444479380001728e-03
1.882295035133024503e-03,9.519032553938211461e-03,7.123963913483338101e-03,2.061464855638917622e-03
1.896821873547204114e-03,9.501226664684694206e-03,7.110638135703844717e-03,2.070229196025352453e-03
1.910635738296884503e-03,9.478897370452120386e-03,7.093927079677399966e-03,2.080737500539306221e-03
1.923736629382064803e-03,9.452044671240493467e-03,7.073830745404008184e-03,2.092989769180778926e-03
1.936124546802745665e-03,9.420668567049809983e-03,7.050349132883663300e-03,2.106986001949771002e-03
1.947799490558927088e-03,9.384769057880071666e-03,7.023482242116367916e-03,2.122726198846281581e-03
1.958761460650608639e-03,9.344346143731280252e-03,6.993230073102124633e-03,2.140210359870311531e-03
1.969723430742290407e-03,9.303923229582487103e-03,6.962977904087880483e-03,2.157694520894341047e-03
1.980685400833972175e-03,9.263500315433693955e-03,6.932725735073634599e-03,2.175178681918370563e-03
1.991647370925653509e-03,9.223077401284904275e-03,6.902473566059393051e-03,2.192662842942400513e-03
2.002609341017335277e-03,9.182654487136112861e-03,6.872221397045149768e-03,2.210147003966430462e-03
2.013571311109017478e-03,9.142231572987319713e-03,6.841969228030904751e-03,2.227631164990460412e-03
2.024533281200698812e-03,9.101808658838526564e-03,6.811717059016659734e-03,2.245115326014489928e-03
2.035495251292380146e-03,9.061385744689733415e-03,6.781464890002413849e-03,2.262599487038519444e-03
2.046457221384061914e-03,9.020962830540942001e-03,6.751212720988171434e-03,2.280083648062549394e-03
2.057419191475743682e-03,8.980539916392152322e-03,6.720960551973928152e-03,2.297567809086578910e-03
2.068381161567425450e-03,8.940117002243357439e-03,6.690708382959683134e-03,2.315051970110608860e-03
2.079343131659106784e-03,8.899694088094566025e-03,6.660456213945439852e-03,2.332536131134638376e-03
2.090305101750788552e-03,8.859271173945774611e-03,6.630204044931196569e-03,2.350020292158668325e-03
2.101267071842470319e-03,8.818848259796983197e-03,6.599951875916951552e-03,2.367504453182698275e-03
2.112229041934152087e-03,8.778425345648190048e-03,6.569699706902707402e-03,2.384988614206728225e-03
2.122271992019189677e-03,8.742089198345666043e-03,6.542506039828724536e-03,2.399408062021608345e-03
2.131395922097583523e-03,8.709839817889412916e-03,6.518370874695006423e-03,2.410762796627339503e-03
2.139600832169332757e-03,8.681677204279430668e-03,6.497294211501551328e-03,2.419052818023921698e-03
2.146886722234438247e-03,8.657601357515715829e-03,6.479276050248358385e-03,2.424278126211354932e-03
2.153253592292899993e-03,8.637612277598271868e-03,6.464316390935428459e-03,2.426438721189638770e-03
2.158701442344717128e-03,8.621709964527098785e-03,6.452415233562761553e-03,2.425534602958773212e-03
2.163230272389891386e-03,8.609894418302193111e-03,6.443572578130356797e-03,2.421565771518758257e-03
2.166840082428420598e-03,8.602165638923558316e-03,6.437788424638215060e-03,2.414532226869594775e-03
2.169530872460306067e-03,8.598523626391192665e-03,6.435062773086336341e-03,2.404433969011281463e-03
2.171302642485548225e-03,8.598968380705097891e-03,6.435395623474721508e-03,2.391270997943819188e-03
2.172155392504145337e-03,8.603499901865270527e-03,6.438786975803367958e-03,2.375043313667207952e-03
2.172089122516099140e-03,8.612118189871714041e-03,6.445236830072277427e-03,2.355750916181447753e-03
2.171103832521408331e-03,8.624823244724428434e-03,6.454745186281450782e-03,2.333393805486538158e-03
2.169199522520074211e-03,8.641615066423410235e-03,6.467312044430885420e-03,2.307971981582479168e-03
2.167295212518739658e-03,8.658406888122392037e-03,6.479878902580320926e-03,2.282550157678419310e-03
2.165390902517405104e-03,8.675198709821373838e-03,6.492445760729754697e-03,2.257128333774360753e-03
2.163486592516070551e-03,8.691990531520359109e-03,6.505012618879191938e-03,2.231706509870301763e-03
2.161582282514735998e-03,8.708782353219340910e-03,6.517579477028626576e-03,2.206284685966242338e-03
2.159677972513402312e-03,8.725574174918322712e-03,6.530146335178061215e-03,2.180862862062183348e-03
2.157773662512067758e-03,8.742365996617306248e-03,6.542713193327497588e-03,2.155441038158124357e-03
2.155869352510732771e-03,8.759157818316289784e-03,6.555280051476933961e-03,2.130019214254065367e-03
2.153965042509398652e-03,8.775949640015271586e-03,6.567846909626367732e-03,2.104597390350006376e-03
2.152060732508063665e-03,8.792741461714253387e-03,6.580413767775803238e-03,2.079175566445947820e-03
2.150156422506729545e-03,8.809533283413236923e-03,6.592980625925238744e-03,2.053753742541888395e-03
2.148252112505395425e-03,8.826325105112220459e-03,6.605547484074675985e-03,2.028331918637829405e-03
2.146347802504060438e-03,8.843116926811202261e-03,6.618114342224110623e-03,2.002910094733770414e-03
2.144443492502726319e-03,8.859908748510185797e-03,6.630681200373545262e-03,1.977488270829711424e-03
2.142539182501392199e-03,8.876700570209165864e-03,6.643248058522979033e-03,1.952066446925652433e-03
2.140962685864572328e-03,8.889412158466718228e-03,6.652761304277391569e-03,1.927773823402883883e-03
2.139714002592269307e-03,8.898043513282835951e-03,6.659220937636775930e-03,1.904610400261405774e-03
2.138793132684480968e-03,8.902594634657520767e-03,6.662626958601136455e-03,1.882576177501218105e-03
2.138200076141208179e-03,8.903065522590777880e-03,6.662979367170474010e-03,1.861671155122320443e-03
2.137934832962450939e-03,8.899456177082598618e-03,6.660278163344785993e-03,1.841895333124713222e-03
2.137997403148209248e-03,8.891766598132989918e-03,6.654523347124073271e-03,1.823248711508396441e-03
2.138387786698483107e-03,8.879996785741946577e-03,6.645714918508334110e-03,1.805731290273370534e-03
2.139105983613271214e-03,8.864146739909473799e-03,6.633852877497571111e-03,1.789343069419634851e-03
2.140151993892575738e-03,8.844216460635566379e-03,6.618937224091783408e-03,1.774084048947189175e-03
2.141525817536396245e-03,8.820205947920227788e-03,6.600967958290971001e-03,1.759954228856034156e-03
2.143227454544731434e-03,8.792115201763459759e-03,6.579945080095133889e-03,1.746953609146169144e-03
2.145256904917582606e-03,8.759944222165253619e-03,6.555868589504270337e-03,1.735082189817595006e-03
2.147614168654948461e-03,8.723693009125621511e-03,6.528738486518384683e-03,1.724339970870310875e-03
2.150299245756829430e-03,8.683361562644553028e-03,6.498554771137471722e-03,1.714726952304317618e-03
2.152984322858711268e-03,8.643030116163486279e-03,6.468371055756559629e-03,1.705113933738323928e-03
2.155669399960593105e-03,8.602698669682421265e-03,6.438187340375649270e-03,1.695500915172331105e-03
2.158354477062474509e-03,8.562367223201356251e-03,6.408003624994738912e-03,1.685887896606337415e-03
2.161039554164355912e-03,8.522035776720286032e-03,6.377819909613825951e-03,1.676274878040343724e-03
2.163724631266237750e-03,8.481704330239221018e-03,6.347636194232914725e-03,1.666661859474350251e-03
2.166409708368119587e-03,8.441372883758150800e-03,6.317452478852000897e-03,1.657048840908356777e-03
2.169094785470001424e-03,8.401041437277087520e-03,6.287268763471091405e-03,1.647435822342363087e-03
2.171779862571883261e-03,8.360709990796019037e-03,6.257085048090177577e-03,1.637822803776370047e-03
2.174464939673764231e-03,8.320378544314954022e-03,6.226901332709268086e-03,1.628209785210376140e-03
2.177150016775646069e-03,8.280047097833885539e-03,6.196717617328355125e-03,1.618596766644382883e-03
2.179835093877527906e-03,8.239715651352820525e-03,6.166533901947443899e-03,1.608983748078389626e-03
2.182520170979409310e-03,8.199384204871752041e-03,6.136350186566530938e-03,1.599370729512395936e-03
2.185205248081290713e-03,8.159052758390687027e-03,6.106166471185621447e-03,1.589757710946402679e-03
2.187890325183172984e-03,8.118721311909618543e-03,6.075982755804707619e-03,1.580144692380408989e-03
2.190447541470678938e-03,8.079946702360282090e-03,6.046964164091351776e-03,1.571231053464198970e-03
2.192876896943809877e-03,8.042728929742677668e-03,6.019110696045552183e-03,1.563016794197773273e-03
2.195178391602565365e-03,8.007067994056803542e-03,5.992422351667307974e-03,1.555501914581131247e-03
2.197352025446945405e-03,7.972963895302654508e-03,5.966899130956615678e-03,1.548686414614272675e-03
2.199397798476949994e-03,7.940416633480239239e-03,5.942541033913483102e-03,1.542570294297198209e-03
2.201315710692580002e-03,7.909426208589556001e-03,5.919348060537905042e-03,1.537153553629907847e-03
2.203105762093834560e-03,7.879992620630601324e-03,5.897320210829882364e-03,1.532436192612400940e-03
2.204767952680713669e-03,7.852115869603375209e-03,5.876457484789412468e-03,1.528418211244678138e-03
2.206302282453217328e-03,7.825795955507881124e-03,5.856759882416501424e-03,1.525099609526738790e-03
2.207708751411345538e-03,7.801032878344116468e-03,5.838227403711142294e-03,1.522480387458583547e-03
2.208987359555098298e-03,7.777826638112082108e-03,5.820860048673342016e-03,1.520560545040211976e-03
2.210138106884476043e-03,7.756177234811778912e-03,5.804657817303095386e-03,1.519340082271624292e-03
2.211160993399478771e-03,7.736084668443205144e-03,5.789620709600405007e-03,1.518818999152820497e-03
2.212056019100105617e-03,7.717548939006361672e-03,5.775748725565270011e-03,1.518997295683800373e-03
2.212951044800733329e-03,7.699013209569517333e-03,5.761876741530134148e-03,1.519175592214780249e-03
2.213846070501360175e-03,7.680477480132674728e-03,5.748004757494998285e-03,1.519353888745759908e-03
2.214741096201987454e-03,7.661941750695829521e-03,5.734132773459863289e-03,1.519532185276740218e-03
2.215636121902614299e-03,7.643406021258988652e-03,5.720260789424729160e-03,1.519710481807720094e-03
2.216531147603242012e-03,7.624870291822143445e-03,5.706388805389593297e-03,1.519888778338699970e-03
2.217426173303868858e-03,7.606334562385300840e-03,5.692516821354457433e-03,1.520067074869680063e-03
2.218321199004496137e-03,7.587798832948456501e-03,5.678644837319321570e-03,1.520245371400659722e-03
2.219216224705123849e-03,7.569263103511613897e-03,5.664772853284188309e-03,1.520423667931639598e-03
2.220111250405750261e-03,7.550727374074769557e-03,5.650900869249052445e-03,1.520601964462619691e-03
2.221006276106377974e-03,7.532191644637926085e-03,5.637028885213916582e-03,1.520780260993599350e-03
2.221901301807004819e-03,7.513655915201083481e-03,5.623156901178781586e-03,1.520958557524579226e-03
2.222796327507632098e-03,7.495120185764238274e-03,5.609284917143645723e-03,1.521136854055559319e-03
2.223691353208259811e-03,7.476584456327395670e-03,5.595412933108511594e-03,1.521315150586539412e-03
2.224586378908886657e-03,7.458048726890551330e-03,5.581540949073373996e-03,1.521493447117519288e-03
2.225417474202326211e-03,7.440836978127769036e-03,5.568659821040750253e-03,1.521659008182000509e-03
2.226184639088578474e-03,7.424949210039045316e-03,5.556769549010633427e-03,1.521811833779983074e-03
2.226887873567642145e-03,7.410385422624382774e-03,5.545870132983027855e-03,1.521951923911467417e-03
2.227527177639518526e-03,7.397145615883780542e-03,5.535961572957930933e-03,1.522079278576453105e-03
2.228102551304208482e-03,7.385229789817238620e-03,5.527043868935343530e-03,1.522193897774940354e-03
2.228613994561709413e-03,7.374637944424755273e-03,5.519117020915265646e-03,1.522295781506928514e-03
2.229061507412023052e-03,7.365370079706333103e-03,5.512181028897698148e-03,1.522384929772418669e-03
2.230404045962963537e-03,7.337566485551067462e-03,5.491373052844994787e-03,1.522652374568889567e-03
2.230404045962963537e-03,7.337566485551067462e-03,5.491373052844994787e-03,1.522652374568889567e-03
2.230404045962963537e-03,7.337566485551067462e-03,5.491373052844994787e-03,1.522652374568889567e-03
2.230404045962963537e-03,7.337566485551067462e-03,5.491373052844994787e-03,1.522652374568889567e-03
2.230404045962963537e-03,7.337566485551067462e-03,5.491373052844994787e-03,1.522652374568889567e-03
2.230404045962963537e-03,7.337566485551067462e-03,5.491373052844994787e-03,1.522652374568889567e-03
2.230404045962963537e-03,7.337566485551067462e-03,5.491373052844994787e-03,1.522652374568889567e-03
2.230404045962963537e-03,7.337566485551067462e-03,5.491373052844994787e-03,1.522652374568889567e-03
2.230404045962963537e-03,7.337566485551067462e-03,5.491373052844994787e-03,1.522652374568889567e-03
2.230404045962963537e-03,7.337566485551067462e-03,5.491373052844994787e-03,1.522652374568889567e-03
2.230404045962963537e-03,7.337566485551067462e-03,5.491373052844994787e-03,1.522652374568889567e-03
2.230404045962963537e-03,7.337566485551067462e-03,5.491373052844994787e-03,1.522652374568889567e-03
2.230404045962963537e-03,7.337566485551067462e-03,5.491373052844994787e-03,1.522652374568889567e-03
2.230404045962963537e-03,7.337566485551067462e-03,5.491373052844994787e-03,1.522652374568889567e-03
